상품 ID,이름,가격(원),종류,구분,설명
jeongtong,정통운세,29000,유료 풀이,정가,사주로 풀어보는 나의 타고난 운명
jeongtong_m,정통운세 (회원가),26100,유료 풀이,프리미엄 회원가,사주로 풀어보는 나의 타고난 운명
love,연애운,14900,유료 풀이,정가,나의 사랑은 어떻게 흘러갈까? 앞으로 펼쳐질 연애의 흐름을 살펴보세요.
love_m,연애운 (회원가),13410,유료 풀이,프리미엄 회원가,나의 사랑은 어떻게 흘러갈까? 앞으로 펼쳐질 연애의 흐름을 살펴보세요.
inyeon,인연운,19000,유료 풀이,정가,나에게 좋은 인연은 언제 찾아올까? 새로운 만남과 인연의 흐름을 살펴보세요.
inyeon_m,인연운 (회원가),17100,유료 풀이,프리미엄 회원가,나에게 좋은 인연은 언제 찾아올까? 새로운 만남과 인연의 흐름을 살펴보세요.
pyeongsaeng,평생운세,29000,유료 풀이,정가,내 인생의 큰 흐름과 변화의 시기는?
pyeongsaeng_m,평생운세 (회원가),26100,유료 풀이,프리미엄 회원가,내 인생의 큰 흐름과 변화의 시기는?
marriage,결혼운,19000,유료 풀이,정가,나에게 결혼의 인연은 언제 찾아올까? 결혼과 인연의 흐름을 살펴보세요.
marriage_m,결혼운 (회원가),17100,유료 풀이,프리미엄 회원가,나에게 결혼의 인연은 언제 찾아올까? 결혼과 인연의 흐름을 살펴보세요.
daewoon,대운,19000,유료 풀이,정가,내 인생에 큰 운이 들어올 때는 언제일까?
daewoon_m,대운 (회원가),17100,유료 풀이,프리미엄 회원가,내 인생에 큰 운이 들어올 때는 언제일까?
ohaeng,사주오행,14900,유료 풀이,정가,나에게 강한 기운과 부족한 기운은 무엇일까?
ohaeng_m,사주오행 (회원가),13410,유료 풀이,프리미엄 회원가,나에게 강한 기운과 부족한 기운은 무엇일까?
lifelove,평생 인연운,29000,유료 풀이,정가,나는 어떤 사람과 인연이 깊을까? 평생의 사랑과 인연을 깊이 살펴보세요.
lifelove_m,평생 인연운 (회원가),26100,유료 풀이,프리미엄 회원가,나는 어떤 사람과 인연이 깊을까? 평생의 사랑과 인연을 깊이 살펴보세요.
gunghap,정통궁합,29000,유료 풀이,정가,우리는 어떤 인연일까? 두 사람의 사주로 사랑과 궁합을 깊이 살펴보세요.
gunghap_m,정통궁합 (회원가),26100,유료 풀이,프리미엄 회원가,우리는 어떤 인연일까? 두 사람의 사주로 사랑과 궁합을 깊이 살펴보세요.
wealth,재물운,19000,유료 풀이,정가,나는 언제 돈이 들어올까?
wealth_m,재물운 (회원가),17100,유료 풀이,프리미엄 회원가,나는 언제 돈이 들어올까?
career,직장운,14900,유료 풀이,정가,"직장·승진·이직, 나에게 기회가 오는 시기는?"
career_m,직장운 (회원가),13410,유료 풀이,프리미엄 회원가,"직장·승진·이직, 나에게 기회가 오는 시기는?"
couple,연인궁합,29000,유료 풀이,정가,우리 사랑은 잘 맞을까? 두 사람의 연애 성향과 관계의 흐름을 살펴보세요.
couple_m,연인궁합 (회원가),26100,유료 풀이,프리미엄 회원가,우리 사랑은 잘 맞을까? 두 사람의 연애 성향과 관계의 흐름을 살펴보세요.
business,사업운,19000,유료 풀이,정가,사업이 풀리는 시기는 언제일까?
business_m,사업운 (회원가),17100,유료 풀이,프리미엄 회원가,사업이 풀리는 시기는 언제일까?
spouse,부부궁합,29000,유료 풀이,정가,"함께 살아가는 두 사람, 부부의 인연과 관계의 흐름을 깊이 살펴보세요."
spouse_m,부부궁합 (회원가),26100,유료 풀이,프리미엄 회원가,"함께 살아가는 두 사람, 부부의 인연과 관계의 흐름을 깊이 살펴보세요."
startup,창업운,19000,유료 풀이,정가,사업을 시작해도 될까? 나에게 맞는 업종은?
startup_m,창업운 (회원가),17100,유료 풀이,프리미엄 회원가,사업을 시작해도 될까? 나에게 맞는 업종은?
exam,시험·합격운,14900,유료 풀이,정가,이번 시험에 합격 할 수 있을까?
exam_m,시험·합격운 (회원가),13410,유료 풀이,프리미엄 회원가,이번 시험에 합격 할 수 있을까?
reunion,재회운,19000,유료 풀이,정가,다시 이어질 인연일까? 지나간 사랑과 앞으로의 관계 흐름을 살펴보세요.
reunion_m,재회운 (회원가),17100,유료 풀이,프리미엄 회원가,다시 이어질 인연일까? 지나간 사랑과 앞으로의 관계 흐름을 살펴보세요.
crush,짝사랑운,14900,유료 풀이,정가,나의 마음은 어디로 향하게 될까? 지금의 인연과 관계의 가능성을 살펴보세요.
crush_m,짝사랑운 (회원가),13410,유료 풀이,프리미엄 회원가,나의 마음은 어디로 향하게 될까? 지금의 인연과 관계의 가능성을 살펴보세요.
moving,이사운,14900,유료 풀이,정가,언제 움직이는 것이 좋을까?
moving_m,이사운 (회원가),13410,유료 풀이,프리미엄 회원가,언제 움직이는 것이 좋을까?
contract,문서·계약운,14900,유료 풀이,정가,"중요한 계약과 결정, 나에게 좋은 흐름은 언제일까?"
contract_m,문서·계약운 (회원가),13410,유료 풀이,프리미엄 회원가,"중요한 계약과 결정, 나에게 좋은 흐름은 언제일까?"
solo,솔로탈출운,14900,유료 풀이,정가,새로운 사랑은 언제 시작될까? 나에게 다가올 연애의 기회를 살펴보세요.
solo_m,솔로탈출운 (회원가),13410,유료 풀이,프리미엄 회원가,새로운 사랑은 언제 시작될까? 나에게 다가올 연애의 기회를 살펴보세요.
newyear,신년운세,29000,유료 풀이,정가,"2027년, 나에게 어떤 기회와 변화가 찾아올까?"
newyear_m,신년운세 (회원가),26100,유료 풀이,프리미엄 회원가,"2027년, 나에게 어떤 기회와 변화가 찾아올까?"
tojeong,토정비결,29000,유료 풀이,정가,전통 토정비결로 한 해의 운세와 월별 흐름을 살펴보세요
tojeong_m,토정비결 (회원가),26100,유료 풀이,프리미엄 회원가,전통 토정비결로 한 해의 운세와 월별 흐름을 살펴보세요
meeting,소개팅·만남운,14900,유료 풀이,정가,"새로운 만남, 좋은 인연으로 이어질까? 만남의 흐름을 살펴보세요."
meeting_m,소개팅·만남운 (회원가),13410,유료 풀이,프리미엄 회원가,"새로운 만남, 좋은 인연으로 이어질까? 만남의 흐름을 살펴보세요."
monthly,월별운세,14900,유료 풀이,정가,좋은 달은 언제일까? 한 해의 운을 월별로 확인해 보세요
monthly_m,월별운세 (회원가),13410,유료 풀이,프리미엄 회원가,좋은 달은 언제일까? 한 해의 운을 월별로 확인해 보세요
loveyear,올해의 애정운,19000,유료 풀이,정가,올해 나의 사랑에는 어떤 변화가 찾아올까? 한 해의 애정 흐름을 살펴보세요.
loveyear_m,올해의 애정운 (회원가),17100,유료 풀이,프리미엄 회원가,올해 나의 사랑에는 어떤 변화가 찾아올까? 한 해의 애정 흐름을 살펴보세요.
tarot_love,연애 타로,9900,타로,정가,"그 사람의 마음, 카드 세 장으로 들여다봐요"
tarot_love_m,연애 타로 (회원가),8910,타로,프리미엄 회원가,"그 사람의 마음, 카드 세 장으로 들여다봐요"
tarot_money,재물 타로,9900,타로,정가,돈의 흐름과 들어올 때를 카드로 봐요
tarot_money_m,재물 타로 (회원가),8910,타로,프리미엄 회원가,돈의 흐름과 들어올 때를 카드로 봐요
tarot_work,일·직장 타로,9900,타로,정가,"이직·승진·새 일, 지금 선택의 방향은?"
tarot_work_m,일·직장 타로 (회원가),8910,타로,프리미엄 회원가,"이직·승진·새 일, 지금 선택의 방향은?"
tarot_reunion,재회 타로,9900,타로,정가,"다시 이어질 수 있을까, 카드가 답해요"
tarot_reunion_m,재회 타로 (회원가),8910,타로,프리미엄 회원가,"다시 이어질 수 있을까, 카드가 답해요"
tarot_spread3,과거·현재·미래,9900,타로,정가,세 장으로 보는 내 이야기의 흐름
tarot_spread3_m,과거·현재·미래 (회원가),8910,타로,프리미엄 회원가,세 장으로 보는 내 이야기의 흐름
tarot_celtic,켈틱 크로스,19000,타로,정가,열 장으로 깊이 읽는 한 가지 고민
tarot_celtic_m,켈틱 크로스 (회원가),17100,타로,프리미엄 회원가,열 장으로 깊이 읽는 한 가지 고민
palm,손금 풀이,9900,손금·관상,정가,손바닥 사진 한 장으로 보는 나의 손금
palm_m,손금 풀이 (회원가),8910,손금·관상,프리미엄 회원가,손바닥 사진 한 장으로 보는 나의 손금
face,관상 풀이,9900,손금·관상,정가,얼굴 사진 한 장으로 보는 나의 관상
face_m,관상 풀이 (회원가),8910,손금·관상,프리미엄 회원가,얼굴 사진 한 장으로 보는 나의 관상
t_wealth,재물운 부적,14900,부적,정가,재물의 좋은 기운과 풍요를 기원합니다
t_wealth_m,재물운 부적 (회원가),13410,부적,프리미엄 회원가,재물의 좋은 기운과 풍요를 기원합니다
t_biz,사업번창 부적,14900,부적,정가,사업의 번창과 좋은 기회를 기원합니다
t_biz_m,사업번창 부적 (회원가),13410,부적,프리미엄 회원가,사업의 번창과 좋은 기회를 기원합니다
t_job,직장성공 부적,9900,부적,정가,직장에서의 좋은 기회와 성취를 기원합니다
t_job_m,직장성공 부적 (회원가),8910,부적,프리미엄 회원가,직장에서의 좋은 기회와 성취를 기원합니다
t_pass,취업·합격 부적,9900,부적,정가,원하는 결과와 좋은 소식을 기원합니다
t_pass_m,취업·합격 부적 (회원가),8910,부적,프리미엄 회원가,원하는 결과와 좋은 소식을 기원합니다
t_love,애정운 부적,9900,부적,정가,사랑의 좋은 기운이 함께하기를 기원합니다
t_love_m,애정운 부적 (회원가),8910,부적,프리미엄 회원가,사랑의 좋은 기운이 함께하기를 기원합니다
t_inyeon,인연 부적,14900,부적,정가,소중한 인연과 좋은 만남을 기원합니다
t_inyeon_m,인연 부적 (회원가),13410,부적,프리미엄 회원가,소중한 인연과 좋은 만남을 기원합니다
t_romance,연애성취 부적,14900,부적,정가,바라는 사랑과 인연의 성취를 기원합니다
t_romance_m,연애성취 부적 (회원가),13410,부적,프리미엄 회원가,바라는 사랑과 인연의 성취를 기원합니다
t_couple,부부화합 부적,14900,부적,정가,두 사람의 화합과 행복을 기원합니다
t_couple_m,부부화합 부적 (회원가),13410,부적,프리미엄 회원가,두 사람의 화합과 행복을 기원합니다
t_wish,소원성취 부적,14900,부적,정가,마음속 간절한 소원이 이루어지기를 기원합니다
t_wish_m,소원성취 부적 (회원가),13410,부적,프리미엄 회원가,마음속 간절한 소원이 이루어지기를 기원합니다
t_all,만사형통 부적,14900,부적,정가,하는 일마다 좋은 흐름이 함께하기를 기원합니다
t_all_m,만사형통 부적 (회원가),13410,부적,프리미엄 회원가,하는 일마다 좋은 흐름이 함께하기를 기원합니다
t_luck,행운 부적,9900,부적,정가,일상에 좋은 기회와 행운이 함께하기를 기원합니다
t_luck_m,행운 부적 (회원가),8910,부적,프리미엄 회원가,일상에 좋은 기회와 행운이 함께하기를 기원합니다
t_guard,액막이 부적,14900,부적,정가,좋지 않은 기운을 멀리하고 평안을 기원합니다
t_guard_m,액막이 부적 (회원가),13410,부적,프리미엄 회원가,좋지 않은 기운을 멀리하고 평안을 기원합니다
t_home,가정평안 부적,14900,부적,정가,가족의 평안과 행복을 기원합니다
t_home_m,가정평안 부적 (회원가),13410,부적,프리미엄 회원가,가족의 평안과 행복을 기원합니다
t_drive,안전운전 부적,14900,부적,정가,언제나 안전하고 평안한 길을 기원합니다
t_drive_m,안전운전 부적 (회원가),13410,부적,프리미엄 회원가,언제나 안전하고 평안한 길을 기원합니다
